"Start Time","End Time","Text","Layer ID"
"00;00;00;29","00;00;05;02","First, select the “Comment Form Block”","1"
"00;00;05;02","00;00;09;21","Adjust the configuration of the “Comment Block”","1"
"00;00;09;21","00;00;12;00","Go to CTA canvas","1"
"00;00;12;00","00;00;18;00","Insert hotspot area and select it’s attribute","1"
"00;00;18;00","00;00;25;00","Adjust the configuration of the hotspot area on the right panel","1"
"00;00;25;00","00;00;40;27","Set up all required hotspot area","1"
"00;00;40;27","00;00;48;10","After submission, you can view all comments at once","1"
"00;00;48;10","00;00;52;15","You can also display it under a compress interface","1"
