"Start Time","End Time","Text","Layer ID"
"00;00;00;29","00;00;04;03","First, select the “CTA Canvas”","1"
"00;00;04;03","00;00;07;02","Create “Hotspot Area” and set it as “Animation”","1"
"00;00;07;02","00;00;11;19","You can adjust the “Anchor Position” of your animation","1"
"00;00;11;19","00;00;15;20","Then, activate your hotspot position of where the animation will be displayed","1"
"00;00;15;20","00;00;20;17","Select your animated images from your “Favorite Assets”","1"
"00;00;20;17","00;00;23;19","You can adjust the setting of each animated image","1"
"00;00;23;19","00;00;32;02","Such as the display time, and adding shadow or stroke effects","1"
"00;00;34;03","00;00;40;15","In preview, the animation will play automatically","1"
