"Start Time","End Time","Text","Layer ID"
"00;00;00;29","00;00;06;05","First, select the “Rating Block”","1"
"00;00;06;05","00;00;08;26","Adjust the configuration of the “Rating Block”","1"
"00;00;08;26","00;00;13;17","Select the scale of the rating options","1"
"00;00;13;17","00;00;18;03","Go to “CTA canvas”","1"
"00;00;18;03","00;00;25;03","Insert hotspot area and select it’s attribute","1"
"00;00;25;03","00;00;33;05","Adjust the configuration of the hotspot area on the right panel","1"
"00;00;33;05","00;00;42;26","Set up all required hotspot area","1"
"00;00;42;26","00;00;52;27","After submission, you can show the rating result","1"
"00;00;52;27","00;00;57;15","You can also display it under a compress interface","1"
