"Start Time","End Time","Text","Layer ID"
"00;00;00;29","00;00;03;17","First, select the “CTA Canvas”","1"
"00;00;03;17","00;00;08;11","Select “Enable Accordion Block”","1"
"00;00;08;11","00;00;15;17","Select the layers that you would like to show & hide under the trigger","1"
"00;00;16;27","00;00;22;06","You can preview the outcome by clicking the trigger block","1"
"00;00;22;06","00;00;28;29","You can add on the accordion layer up to 3 layers","1"
"00;00;28;29","00;00;37;02","Simply repeat the steps in your layer 1 block","1"
"00;00;37;02","00;00;43;15","Now your layer 1 can be trigger as “Accordion Toggle”","1"
