"Start Time","End Time","Text","Layer ID"
"00;00;00;29","00;00;04;29","First, create a new folder in your “Project Management” panel","1"
"00;00;04;29","00;00;15;01","Next, move your project into the new folder","1"
"00;00;15;01","00;00;29;07","In the new folder, you can set up new “Item Category”","1"
"00;00;29;07","00;00;35;17","Go to “CTA Canvas” and enable “Add To Cart Block”","1"
"00;00;35;17","00;00;42;01","Create “Hotspot Area” and select “Add An Item” function","1"
"00;00;42;01","00;00;49;04","Fill in your item details on the right panel","1"
"00;00;49;04","00;00;55;17","Next, create “Add To Cart” hotspot area","1"
"00;00;55;17","00;01;05;11","You can sellect the link item based on your set up earlier","1"
"00;01;05;11","00;01;16;23","Lastly, add in the “View Cart” hotspot area","1"
