"Start Time","End Time","Text","Layer ID"
"00;00;00;29","00;00;04;03","First, select the “CTA Canvas”","1"
"00;00;04;03","00;00;06;16","Create “Hotspot Area” and set it as “Jump To Block”","1"
"00;00;06;16","00;00;11;06","You can adjust the “Display Setting” & “Activation Method”","1"
"00;00;11;06","00;00;17;08","Next, select the block within this project to be the destination","1"
"00;00;19;27","00;00;28;25","In preview, you can trigger the button and skip to the selected block","1"
