"Start Time","End Time","Text","Layer ID"
"00;00;00;29","00;00;04;03","First, select the “CTA Canvas”","1"
"00;00;04;03","00;00;08;26","Create “Hotspot Area” and set it as “Associate Images”","1"
"00;00;08;26","00;00;13;07","You can adjust the “Display Setting” & “Activation Method”","1"
"00;00;13;07","00;00;18;12","You may upload the images offline or add from your “Media Library”","1"
"00;00;18;12","00;00;24;23","You can decide how this feature to be displayed","1"
"00;00;24;23","00;00;30;06","You can add shadow and stroke of your display as well","1"
"00;00;30;06","00;00;37;07","Each image can be added with an unique url","1"
"00;00;37;07","00;00;46;00","The “Associate Images” can be toggled through your mouse roller","1"
