"Start Time","End Time","Text","Layer ID"
"00;00;00;29","00;00;04;03","First, select the “CTA Canvas”","1"
"00;00;04;03","00;00;06;16","Create “Hotspot Area” and set it as “Link To Block”","1"
"00;00;06;16","00;00;11;06","You can adjust the “Display Setting” & “Activation Method”","1"
"00;00;11;06","00;00;15;10","You can decide how this feature to be displayed","1"
"00;00;15;10","00;00;21;15","You can add shadow and stroke of your display as well","1"
"00;00;21;15","00;00;25;28","Select the linking block from one of your projects","1"
"00;00;25;28","00;00;32;21","Then select the specific block that you would like to link with","1"
"00;00;34;07","00;00;39;07","In preview, your linked block will show in display window","1"
