"Start Time","End Time","Text","Layer ID"
"00;00;00;29","00;00;06;05","First, select the “Text Slider Block”","1"
"00;00;06;05","00;00;13;07","Adjust the display area of the “Text Slider Block”","1"
"00;00;13;07","00;00;17;04","Adjust the setting of your “Text Slider”","1"
"00;00;17;04","00;00;23;00","There are 2 types of animation, carousel and typing can be selected","1"
"00;00;23;00","00;00;36;26","Key in your text input, you can adjust the typeface and font setting","1"
"00;00;36;26","00;00;43;09","You can add shadow and stroke of your slider as well","1"
