"Start Time","End Time","Text","Layer ID"
"00;00;00;29","00;00;06;05","First, select the “Ranking Block”","1"
"00;00;06;05","00;00;08;26","Adjust the configuration of the “Ranking Block”","1"
"00;00;08;26","00;00;15;07","Select the number of ranking options","1"
"00;00;15;07","00;00;18;03","Go to “CTA canvas”","1"
"00;00;18;03","00;00;21;16","Insert hotspot area and select it’s attribute","1"
"00;00;21;16","00;00;25;08","Adjust the configuration of the hotspot area on the right panel","1"
"00;00;25;08","00;00;34;29","Set up all required hotspot area","1"
"00;00;34;29","00;00;43;14","After submission, you can show the ranking result","1"
"00;00;43;14","00;00;47;15","You can also display it under a compress interface","1"
