"Start Time","End Time","Text","Layer ID"
"00;00;00;29","00;00;04;03","First, select the “CTA Canvas”","1"
"00;00;04;03","00;00;07;02","Create “Hotspot Area” and set it as “360-Degree Object Viewer”","1"
"00;00;07;02","00;00;11;19","You can adjust the “Display Setting” & “Activation Method”","1"
"00;00;11;19","00;00;17;04","Select the folder in your “Media Library” included all 360 degree product images","1"
"00;00;17;04","00;00;26;03","You can decide how this feature to be displayed","1"
"00;00;26;03","00;00;33;05","You can add shadow and stroke of your display as well","1"
"00;00;33;05","00;00;40;11","Your selected folder should included all 360 degree images in sequence","1"
"00;00;42;28","00;00;51;15","In preview, you can toggle your window to spin the object in 360 degree","1"
