"Start Time","End Time","Text","Layer ID"
"00;00;00;29","00;00;06;05","First, select the “Poll Block”","1"
"00;00;06;05","00;00;11;09","Adjust the configuration of the “Poll Block”","1"
"00;00;11;09","00;00;14;15","Go to “CTA canvas”","1"
"00;00;14;15","00;00;18;22","Insert hotspot area and select it’s attribute","1"
"00;00;18;22","00;00;24;15","Adjust the configuration of the hotspot area on the right panel","1"
"00;00;24;15","00;00;34;26","Set up all required hotspot area","1"
"00;00;34;26","00;00;43;21","After submission, you can show the poll result ","1"
"00;00;43;21","00;00;54;21","You can also polling under a compress interface","1"
