"Start Time","End Time","Text","Layer ID"
"00;00;00;29","00;00;06;05","First, select the “Animated Slider Block”","1"
"00;00;06;05","00;00;09;18","Adjust the display area of the “Animated Slider Block”","1"
"00;00;09;18","00;00;14;17","You can change the “Image Gap”, “Slide Speed”, and “Slide Direction”","1"
"00;00;14;17","00;00;20;09","You can add shadow and stroke of your slider as well","1"
"00;00;20;09","00;00;27;08","Lastly, select the images to be displayed as carousel from your “Media Library”","1"
"00;00;27;08","00;00;34;19","You can add unique url to every images","1"
"00;00;34;19","00;00;41;02","In preview, your carousel will loop infinity","1"
