"Start Time","End Time","Text","Layer ID"
"00;00;00;29","00;00;08;07","First, select the “Feedback Form Block”","1"
"00;00;08;07","00;00;11;13","Go to “CTA canvas”","1"
"00;00;11;13","00;00;15;20","Insert hotspot area and select it’s attribute","1"
"00;00;15;20","00;00;21;11","Adjust the configuration of the hotspot area on the right panel","1"
"00;00;21;13","00;00;31;24","Set up all required hotspot area","1"
"00;00;31;24","00;00;40;03","You can display the feedback form in a compress format","1"
"00;00;40;03","00;00;46;15","You can share your feedback form through QR code","1"
"00;00;46;15","00;00;52;13","Lastly, submit your form to record your details","1"
