"Start Time","End Time","Text","Layer ID"
"00;00;00;29","00;00;04;03","First, select the “CTA Canvas”","1"
"00;00;04;03","00;00;08;26","Create “Hotspot Area” and set it as “Embed URL via Iframe”","1"
"00;00;08;26","00;00;13;16","You can adjust the “Display Setting” & “Activation Method”","1"
"00;00;13;16","00;00;17;25","You can decide how this feature to be displayed","1"
"00;00;17;25","00;00;22;12","You can add shadow and stroke of your display as well","1"
"00;00;22;12","00;00;25;23","Insert an unique url to be displayed in the window","1"
"00;00;25;23","00;00;32;29","Or you can link your “VinMobi” or “VinDesk” project ","1"
"00;00;32;29","00;00;40;16","The connected project will be displayed via Iframe","1"
